<?xml version="1.0" encoding="UTF-8"?>
<OpenSearchDescription xmlns="http://a9.com/-/spec/opensearch/1.1/" xmlns:moz="http://www.mozilla.org/2006/browser/search/">
  <ShortName>cdnjs</ShortName>
  <Description>Search libraries</Description>
  <InputEncoding>UTF-8</InputEncoding>
  <Image width="16" height="16" type="image/x-icon"></Image>
  <Url type="text/html" method="get" template="https://cdnjs.com/#q={searchTerms}"/>
  <moz:SearchForm>https://cdnjs.com</moz:SearchForm>
</OpenSearchDescription>
